customer,probability_of_churn,prediction_of_churn
4531-AUZNK,0.19808617078483345,Stay
2296-DKZFP,0.014167638969667674,Stay
9692-TUSXH,0.6043893515398847,Churn
5129-JLPIS,0.47167613192632457,Churn
1273-MTETI,0.8098760626718849,Churn
8757-TFHHJ,0.4480687779367215,Churn
1322-AGOQM,0.021196945561910045,Stay
0743-HRVFF,0.033143920050904746,Stay
0943-ZQPXH,0.28661456618800946,Stay
3932-CMDTD,0.5453872328744245,Churn
6892-BOGQE,0.005184577163905854,Stay
0224-HJAPT,0.27666125552095516,Stay
2439-LYPMQ,0.5039840318452331,Churn
7924-GJZFI,0.6149416098573927,Churn
0823-HSCDJ,0.060947639108487474,Stay
4826-TZEVA,0.21504311046623897,Stay
5151-HQRDG,0.10294605852359973,Stay
6734-GMPVK,0.49758759346519715,Churn
3951-NJCVI,0.5216117692923472,Churn
0733-VUNUW,0.19622480395268885,Stay
3571-DPYUH,0.10789944476261781,Stay
9824-QCJPK,0.022172660611115648,Stay
7876-DNYAP,0.0034108291164167176,Stay
3890-RTCMS,0.2557979972253202,Stay
7594-RQHXR,0.7423058914757292,Churn
3229-USWAR,0.11382576875980271,Stay
5995-LFTLE,0.010448098614852793,Stay
1456-TWCGB,0.28296952049437074,Stay
1552-TKMXS,0.041829487905562436,Stay
3276-HDUEG,0.7484689913571003,Churn
0302-JOIVN,0.5554684764810544,Churn
2830-LEWOA,0.0762714228907639,Stay
5649-TJHOV,0.1271490316591915,Stay
5886-VLQVU,0.35440412581361236,Churn
1395-WSWXR,0.055409947287027896,Stay
6518-LGAOV,0.4669120763924748,Churn
4514-GFCFI,0.7266186935909196,Churn
1635-FJFCC,0.48030010906538534,Churn
7611-YKYTC,0.29939285262016124,Stay
5829-NVSQN,0.16236583599542048,Stay
0394-YONDK,0.002667177053180454,Stay
0991-BRRFB,0.14855997117934877,Stay
5980-BDHPY,0.022286026118962344,Stay
8249-THVEC,0.0078103073377720315,Stay
5039-LZRQT,0.1464884912535676,Stay
9115-YQHGA,0.0838722434809124,Stay
8174-LNWMW,0.049477580109044635,Stay
5038-ETMLM,0.16573453212082076,Stay
6815-ABQFQ,0.1578565989603115,Stay
8086-OVPWV,0.6630404447443529,Churn
5451-MHQOF,0.011261087883294439,Stay
1991-VOPLL,0.30900045154172395,Churn
6725-TPKJO,0.013577943131604847,Stay
8879-ZKJOF,0.08803816855554214,Stay
3597-YASZG,0.22011571307656697,Stay
2969-WGHQO,0.18689049282967787,Stay
8006-PYCSW,0.42769764886198974,Churn
3347-YJZZE,0.11390156162155865,Stay
1696-MZVAU,0.027154574717142662,Stay
5931-FLJJF,0.7189707253371752,Churn
3440-JPSCL,0.6884720307571323,Churn
7923-IYJWY,0.23116401163380298,Stay
8718-PTMEZ,0.321139495043927,Churn
0067-DKWBL,0.5604661320683995,Churn
6625-IUTTT,0.008711434362033863,Stay
8637-XJIVR,0.6381888367040509,Churn
2509-TFPJU,0.0023551880645668625,Stay
0464-WJTKO,0.002711279727094226,Stay
8292-FRFZQ,0.028722151396108838,Stay
6844-DZKRF,0.43538701137254593,Churn
3249-ZPQRG,0.5069807540287522,Churn
7580-UGXNC,0.504057204693511,Churn
3050-RLLXC,0.03166473100095467,Stay
0581-BXBUB,0.7044221287060858,Churn
8552-OBVRU,0.5038022492805868,Churn
2388-LAESQ,0.2623643787382697,Stay
4488-PSYCG,0.1629157940841034,Stay
9436-ZBZCT,0.5400737272923322,Churn
2074-GKOWZ,0.6592459946658497,Churn
9753-OYLBX,0.4456553476098914,Churn
3055-MJDSB,0.30549665398018916,Churn
5781-RFZRP,0.009851108935153383,Stay
9761-XUJWD,0.3912274530981344,Churn
0118-JPNOY,0.6276164469787513,Churn
8874-EJNSR,0.021940037541832887,Stay
2867-UIMSS,0.5396906962332274,Churn
9975-GPKZU,0.011624284837517554,Stay
6100-QQHEB,0.5214299397211318,Churn
2896-TBNBE,0.09183447660586985,Stay
7359-WWYJV,0.0812950372804353,Stay
6646-JPPHA,0.5923718897557169,Churn
5550-VFRLC,0.8300167891358613,Churn
2202-CUYXZ,0.6632694402623242,Churn
8035-PWSEV,0.6854623781651864,Churn
3703-KBKZP,0.6459502810999697,Churn
5599-HVLTW,0.7284616757296973,Churn
5382-TEMLV,0.06306439697213705,Stay
6339-TBELP,0.061389226841144555,Stay
7207-RMRDB,0.28612072015203094,Stay
2469-DTSGX,0.15138230975604794,Stay
3704-IEAXF,0.005769072583674108,Stay
6368-TZZDT,0.19657997901070076,Stay
7129-AZJDE,0.19145466942758715,Stay
6407-GSJNL,0.01370732425816383,Stay
9150-HEPMB,0.010613892415846924,Stay
1506-YJTYT,0.030865427556931987,Stay
7134-HBPBS,0.22038839792096748,Stay
3635-QQRQD,0.00656010077930451,Stay
6549-NNDYT,0.32584518806369944,Churn
9796-BPKIW,0.7115712531121644,Churn
8069-YQQAJ,0.24137118352231945,Stay
8242-SOQUO,0.7964695607779544,Churn
3308-DGHKL,0.0041851130140341496,Stay
8740-CRYFY,0.6693732715417073,Churn
8109-YUOHE,0.08696288271756564,Stay
3976-NLDEZ,0.3616783118393883,Churn
6248-BSHKG,0.003905496911368173,Stay
3970-XGJDU,0.008928044096307597,Stay
0634-SZPQA,0.5627702932507399,Churn
2589-AYCRP,0.01193360302948976,Stay
3800-LYTRK,0.13804302310682606,Stay
6563-VRERX,0.02844564007003506,Stay
9938-ZREHM,0.05699857438953504,Stay
2220-IAHLS,0.4446447124910319,Churn
8979-CAMGB,0.11249885942646955,Stay
0270-THENM,0.00797275472769494,Stay
9611-CTWIH,0.7221097756858547,Churn
8885-QSQBX,0.39862245566888105,Churn
9030-QGZNL,0.20653899867952047,Stay
2810-FTLEM,0.32457848169437686,Churn
6350-XFYGW,0.7488260813329949,Churn
6993-YGFJV,0.1295046520585003,Stay
4097-YODCF,0.24625674645934262,Stay
0376-OIWME,0.3495681467579239,Churn
5022-JNQEQ,0.6609735821098286,Churn
5515-AKOAJ,0.32659417798437057,Churn
6956-SMUCM,0.7128687862471521,Churn
5103-MHMHY,0.40728535188701565,Churn
9391-DXGGG,0.20317894374553094,Stay
7519-JTWQH,0.15731144101214384,Stay
6131-FOYAS,0.1184144296408419,Stay
9681-OXGVC,0.7128155817250461,Churn
1977-STDKI,0.8246338201093991,Churn
7302-ZHMHP,0.4444150862331546,Churn
0661-XEYAN,0.6494204418830306,Churn
6007-TCTST,0.18689859852969706,Stay
1682-VCOIO,0.05615154305076999,Stay
2454-RPBRZ,0.7518179395046665,Churn
8710-YGLWG,0.4557899352821495,Churn
0742-LAFQK,0.0932721312824525,Stay
7064-JHXCE,0.0039004551696927496,Stay
8242-JSVBO,0.37007859999719805,Churn
1471-GIQKQ,0.39897919769698176,Churn
6778-EICRF,0.07638810744465062,Stay
1360-XFJMR,0.16318114826190544,Stay
5702-KVQRD,0.02076058810739727,Stay
7602-MVRMB,0.16304585089908927,Stay
0236-HFWSV,0.5539721637323414,Churn
0880-FVFWF,0.18606754428165118,Stay
9052-DHNKM,0.05947481642488235,Stay
6121-TNHBO,0.03788831295231626,Stay
4693-VWVBO,0.4100336800845148,Churn
1565-RHDJD,0.586273382525953,Churn
0696-UKTOX,0.12162096492941431,Stay
8267-KFGYD,0.49640174002625476,Churn
2632-TACXW,0.006008375609157877,Stay
1744-JHKYS,0.07495069791981229,Stay
0578-SKVMF,0.4027940194393074,Churn
0670-KDOMA,0.5824524994881547,Churn
8065-BVEPF,0.26852410386788,Stay
3301-VKTGC,0.05867193763571967,Stay
7660-HDPJV,0.7443501181809906,Churn
2843-CQMEG,0.18011404444919923,Stay
6870-ZWMNX,0.010300573375151676,Stay
1403-LKLIK,0.037879831578913274,Stay
2446-BEGGB,0.7953718055065675,Churn
6164-HAQTX,0.004417367005602372,Stay
3387-VATUS,0.6377763564227508,Churn
3407-JMJQQ,0.14838225927885784,Stay
3580-HYCSP,0.11609712777473731,Stay
5453-AXEPF,0.5029470806501865,Churn
4132-KALRO,0.7184557324973702,Churn
6506-EYCNH,0.16735734872116917,Stay
6400-BWQKW,0.6941990816545172,Churn
6916-HIJSE,0.03779721299919228,Stay
5186-PEIZU,0.06366084802434353,Stay
6048-NJXHX,0.030281956598712734,Stay
6134-KWTBV,0.0042630211606884665,Stay
6289-CPNLD,0.07986084614218256,Stay
5312-UXESG,0.28553491806370224,Stay
2514-GINMM,0.6698258962758681,Churn
2580-ASVVY,0.034440579808589444,Stay
6416-JNVRK,0.03006728741580231,Stay
3739-YBWAB,0.022331913747337884,Stay
6917-YACBP,0.34970938154008785,Churn
8614-VGMMV,0.3440980916448312,Churn
5181-OABFK,0.031173198525314156,Stay
2977-CEBSX,0.044730575991576454,Stay
1624-NALOJ,0.7470183902684739,Churn
5495-GPSRW,0.11962142462729941,Stay
6303-KFWSL,0.1136359512751121,Stay
5624-BQSSA,0.44606891928711284,Churn
6681-ZSEXG,0.013719290737325154,Stay
9185-TQCVP,0.5438668045363416,Churn
8272-ONJLV,0.27879438251556987,Stay
3398-ZOUAA,0.5697008240586156,Churn
9140-CZQZZ,0.03166442361268736,Stay
6418-PIQSP,0.02335323507015927,Stay
9637-EIHEQ,0.5363014038081066,Churn
9953-ZMKSM,0.004205981337967702,Stay
9830-ECLEN,0.007756981861582597,Stay
9058-CBREO,0.5390547298739558,Churn
5321-NTRKC,0.014153602308316698,Stay
4654-DLAMQ,0.13547189038728638,Stay
4673-KKSLS,0.3226765689465957,Churn
1031-IIDEO,0.7455163220633321,Churn
3512-IZIKN,0.011667721606486403,Stay
4439-JMPMT,0.7089418495150432,Churn
0027-KWYKW,0.5324848632666901,Churn
4291-YZODP,0.20402782206131026,Stay
0212-ISBBF,0.2392439954708742,Stay
3014-WJKSM,0.3688709958922333,Churn
0411-EZJZE,0.5177598070042863,Churn
6698-OXETB,0.12930674466182748,Stay
0193-ESZXP,0.2799409542430199,Stay
6202-JVYEU,0.21591890350380993,Stay
1848-LBZHY,0.45083389755711556,Churn
8161-QYMTT,0.6258342050492269,Churn
0454-OKRCT,0.13113067563745043,Stay
1215-EXRMO,0.009341722528909038,Stay
0931-MHTEM,0.17760766799973737,Stay
5985-BEHZK,0.1265588452363169,Stay
9921-EZKBY,0.3975013002422761,Churn
4878-BUNFV,0.015834429575263074,Stay
4811-JBUVU,0.4007090800493807,Churn
5673-FSSMF,0.5449388331543003,Churn
4301-VVZKA,0.5139273898823801,Churn
4828-FAZPK,0.6007177166424194,Churn
6000-UKLWI,0.016905166767172432,Stay
7395-XWZOY,0.19820710485028661,Stay
6380-ARCEH,0.36133487056373365,Churn
3729-OWRVL,0.21584183496464487,Stay
2856-HYAPG,0.6258928104501568,Churn
7856-GANIL,0.26678755828395084,Stay
4459-BBGHE,0.11665036342913973,Stay
9661-JALZV,0.015046484335093134,Stay
7753-USQYQ,0.02591105862037168,Stay
1015-JPFYW,0.1551738252443418,Stay
7665-NKLAV,0.035926575009189755,Stay
9053-EJUNL,0.2978077929009822,Stay
5117-ZSMHQ,0.02104361975245854,Stay
0117-LFRMW,0.04152242290231111,Stay
9389-ACWBI,0.5779941640754975,Churn
6946-LMSQS,0.39242158083628453,Churn
1725-MIMXW,0.4949139323345385,Churn
3996-ZNWYK,0.003342852850253638,Stay
0899-WZRSD,0.24960741559411226,Stay
8815-LMFLX,0.15554666729057562,Stay
0699-NDKJM,0.04964720317656369,Stay
2424-WVHPL,0.6574944370600166,Churn
6797-LNAQX,0.05294816184573133,Stay
2043-WVTQJ,0.3126089485331198,Churn
4057-FKCZK,0.05588101375766196,Stay
8512-WIWYV,0.03098668594879788,Stay
5135-GRQJV,0.20125789970542943,Stay
5597-GLBUC,0.7369834649492979,Churn
7997-EASSD,0.08855857686637117,Stay
4785-FCIFB,0.006530250300438624,Stay
1755-FZQEC,0.018514939733075362,Stay
5364-XYIRR,0.2503698424916907,Stay
7572-KPVKK,0.1366678651402775,Stay
5115-SQAAU,0.006727976258713266,Stay
6147-CBCRA,0.0758831550089169,Stay
3692-JHONH,0.33558045763691097,Churn
1088-CNNKB,0.014701625161988563,Stay
3810-DVDQQ,0.17599930407844255,Stay
7831-QGOXH,0.5984557204098396,Churn
3474-BAFSJ,0.01768925496321694,Stay
3842-IYKUE,0.28261243656596524,Stay
8519-QJGJD,0.47221606594626275,Churn
9747-DDZOS,0.6185214775960174,Churn
4106-HADHQ,0.04136556720809757,Stay
0017-IUDMW,0.18597466624467116,Stay
4763-PGDPO,0.5934421001092542,Churn
8751-EDEKA,0.34773855306204254,Churn
3104-OWCGK,0.055863971533656534,Stay
3148-BLQJT,0.3612490323725002,Churn
2815-CPTUL,0.7383448416606517,Churn
5073-WXOYN,0.03505006667628285,Stay
4760-THGOT,0.381197118730825,Churn
2724-FJDYW,0.025480913227275755,Stay
7639-OPLNG,0.021222155266934477,Stay
3298-QEICA,0.07202026392426777,Stay
9362-MWODR,0.12747271566504673,Stay
7446-SFAOA,0.05013680527849971,Stay
4737-AQCPU,0.007714292299396739,Stay
9522-ZSINC,0.1721281802697635,Stay
3745-HRPHI,0.006161358213322734,Stay
2669-QVCRG,0.3320393226805155,Churn
0980-FEXWF,0.052755977856210175,Stay
6701-YVNQG,0.023152957692684686,Stay
1177-XZBJL,0.016601396777397456,Stay
7771-CFQRQ,0.03187788143431696,Stay
2252-JHJGE,0.07692239027165097,Stay
0661-KBKPA,0.03494858515817532,Stay
8851-RAGOV,0.26266214051549275,Stay
6979-TNDEU,0.32654561352756983,Churn
2072-ZVJJX,0.0030445378969117596,Stay
1222-KJNZD,0.05589825074253042,Stay
9372-TXXPS,0.014036044486325632,Stay
5982-PSMKW,0.20368958940837625,Stay
2495-KZNFB,0.4584998513965689,Churn
0207-MDKNV,0.4925455339931343,Churn
1346-PJWTK,0.10689305023961396,Stay
3758-CKOQL,0.17357471748299075,Stay
6959-GQEGV,0.09077608003612694,Stay
2604-IJPDU,0.5721036138632538,Churn
6174-NRBTZ,0.019454703468662047,Stay
6323-AYBRX,0.004585766589747907,Stay
0048-PIHNL,0.01243212066266476,Stay
7811-JIVPF,0.15429330727309296,Stay
7729-JTEEC,0.4407568878120691,Churn
5846-ABOBJ,0.002387049744567862,Stay
9221-OTIVJ,0.7580414375748584,Churn
2889-FPWRM,0.14448933824011623,Stay
7945-HLKEA,0.017358992895716064,Stay
9367-TCUYN,0.26644884463915713,Stay
2277-BKJKN,0.19356787078346963,Stay
7633-MVPUY,0.02137872433438789,Stay
4315-MURBD,0.6400606550083608,Churn
0734-OXWBT,0.29526204568809494,Stay
8714-EUHJO,0.49992005487608615,Churn
0818-OCPZO,0.523076310868821,Churn
0021-IKXGC,0.8311943812007812,Churn
8383-SGHJU,0.056884908547706274,Stay
6347-DCUIK,0.5885917731496141,Churn
1976-CFOCS,0.5348465887483604,Churn
4854-CIDCF,0.7100189874383185,Churn
9127-QRZMH,0.03784705778000468,Stay
1196-AMORA,0.47723584803384833,Churn
6713-OKOMC,0.2528040310803399,Stay
9820-RMCQV,0.2671038634543228,Stay
5902-WBLSE,0.005393035908899774,Stay
7563-BIUPC,0.6333268384508346,Churn
7683-CBDKJ,0.2916124757109148,Stay
6522-OIQSX,0.012665294379801408,Stay
0388-EOPEX,0.7287998622109708,Churn
7921-BEPCI,0.008134932695532077,Stay
8859-DZTGQ,0.03020780975726267,Stay
3683-QKIUE,0.46342924855559214,Churn
2144-ESWKO,0.023555357764351966,Stay
5057-RKGLH,0.19553299485453968,Stay
2692-PFYTJ,0.5874195875858986,Churn
3021-VLNRJ,0.048756935372247324,Stay
1045-LTCYT,0.3260886902653234,Churn
7401-JIXNM,0.04259326887328028,Stay
2657-VPXTA,0.6710467965939554,Churn
5022-KVDQT,0.4130277363470793,Churn
2305-MRGLV,0.25015086082607757,Stay
3865-YIOTT,0.1078292016420815,Stay
9577-WJVCQ,0.016445366666577466,Stay
3847-BAERP,0.42914038411163086,Churn
4032-RMHCI,0.022133106956093492,Stay
7658-UYUQS,0.4668802709212748,Churn
9274-UARKJ,0.5951312101210372,Churn
0847-HGRML,0.003874559015674996,Stay
6078-VESFR,0.5209537939482092,Churn
4223-WOZCM,0.4257707147185311,Churn
0942-KOWSM,0.08436536112868456,Stay
7789-HKSBS,0.4103627763657256,Churn
9432-RUVSL,0.22916156666588117,Stay
3644-QXEHN,0.43456060451240863,Churn
4683-WYDOU,0.15717846886899675,Stay
0925-VYDLG,0.6121497855584392,Churn
2960-NKRSO,0.43266689974059097,Churn
2639-UGMAZ,0.013244143097702027,Stay
2898-LSJGD,0.1452501789025722,Stay
2884-GBPFB,0.3620938951355781,Churn
4659-NZRUF,0.5897627485203297,Churn
0867-LDTTC,0.27138130574829333,Stay
7781-EWARA,0.005163803241011639,Stay
4822-RVYBB,0.7262583978226433,Churn
9800-OUIGR,0.002976247641104095,Stay
3533-UVMOM,0.009308778712933405,Stay
8457-XIGKN,0.19836261383376902,Stay
2990-OGYTD,0.024214876610666028,Stay
5203-XEHAX,0.053407272238576886,Stay
8295-KMENE,0.04209742350148918,Stay
8720-RQSBJ,0.44570360802120135,Churn
9799-CAYJJ,0.8238739272271722,Churn
3717-OFRTN,0.36094866850729557,Churn
2868-MZAGQ,0.6696201967002178,Churn
8606-OEGQZ,0.11906678707543426,Stay
9065-ZCPQX,0.010650379384952858,Stay
4587-NUKOX,0.7158982226280723,Churn
8985-OOPOS,0.23853118983850946,Stay
7636-OWBPG,0.3792428794518625,Churn
5825-XJOCM,0.03421702614542196,Stay
4183-WCSEP,0.34148100242191437,Churn
5275-PMFUT,0.010274085589156549,Stay
1751-NCDLI,0.41804989313343904,Churn
6693-DJWTY,0.04963852448856,Stay
4002-BQWPQ,0.1348527646414413,Stay
6954-OOYZZ,0.22945489869559246,Stay
9039-RBEEE,0.07139404974318864,Stay
5170-PTRKA,0.023964659935853203,Stay
7346-MEDWM,0.20332134979386124,Stay
5233-GEEAX,0.43915937505153246,Churn
3511-APPBJ,0.31024207591757413,Churn
7143-BQIBA,0.21752777079791386,Stay
2967-MXRAV,0.21969517894367493,Stay
7473-ZBDSN,0.14268146913470278,Stay
0265-EDXBD,0.4506716191789137,Churn
1386-ZIKUV,0.3883010699315386,Churn
0420-BWTPW,0.21795037139014356,Stay
1009-IRMNA,0.3430981646586177,Churn
3938-YFPXD,0.012090898253587591,Stay
3727-OWVYD,0.034514049135192806,Stay
5937-EORGB,0.6609229825527987,Churn
2791-SFVEW,0.317960163681692,Churn
0980-PVMRC,0.10276257970784554,Stay
3648-GZPHF,0.048347824256532314,Stay
9677-AVKED,0.05960144069476888,Stay
1576-PFZIW,0.10556642001296343,Stay
9462-MJUAW,0.29369207737776337,Stay
7511-YMXVQ,0.32204582740386023,Churn
7128-GGCNO,0.12392018021297829,Stay
7492-TAFJD,0.12991682551430303,Stay
8901-UPRHR,0.1413578508889733,Stay
5044-XDPYX,0.013688332083042496,Stay
1010-DIAUQ,0.4959324932888428,Churn
2691-NZETQ,0.5988786560640442,Churn
7586-ZATGZ,0.29477274524272207,Stay
1810-MVMAI,0.09338658437788269,Stay
7296-PIXQY,0.4827930104638673,Churn
9985-MWVIX,0.7450219971531553,Churn
7028-DVOIQ,0.5015718544593031,Churn
0420-TXVSG,0.016822141848688854,Stay
6953-PBDIN,0.010203030955088094,Stay
1090-ESELR,0.05921467573917767,Stay
8903-XEBGX,0.4393921515435236,Churn
9541-PWTWO,0.06420558996698457,Stay
1099-BTKWT,0.012577863085063166,Stay
8807-ARQET,0.08301779563657086,Stay
0673-IGUQO,0.3615495047752581,Churn
0709-TVGUR,0.7713252298782358,Churn
9269-CQOOL,0.4261280257796822,Churn
7798-JVXYM,0.37019750400796125,Churn
7524-VRLPL,0.016520082358714654,Stay
8752-IMQOS,0.17433332424195158,Stay
0048-LUMLS,0.12337201464176893,Stay
6410-LEFEN,0.2995777507935333,Stay
5149-TGWDZ,0.41416223002908253,Churn
5514-YQENT,0.23032346963846714,Stay
3063-QFSZL,0.5405538826283782,Churn
4458-KVRBJ,0.005666108423422474,Stay
6631-HMANX,0.02323823641503812,Stay
3069-SSVSN,0.24183821526063673,Stay
4366-CTOUZ,0.21937035738837157,Stay
4685-ERGHK,0.10062726507378565,Stay
5756-OZRIO,0.018520811877538026,Stay
3845-JHAMY,0.29328985016267395,Stay
5935-FCCNB,0.7310528390647901,Churn
3468-DRVQJ,0.17270830922393543,Stay
3583-KRKMD,0.4832832717151777,Churn
2419-FSORS,0.10404493632578833,Stay
1357-BIJKI,0.15129895038798638,Stay
4480-QQRHC,0.7746690253211391,Churn
1589-AGTLK,0.42755325835816527,Churn
9631-XEYKE,0.30375648115216164,Churn
7503-ZGUZJ,0.6740487709842571,Churn
3452-FLHYD,0.0814132156291655,Stay
5219-YIPTK,0.49451275175192577,Churn
5951-AOFIH,0.14160564391078145,Stay
3774-VBNXY,0.004739023922959205,Stay
8348-JLBUG,0.05586850076632674,Stay
0396-YCHWO,0.37412599205399993,Churn
5419-JKZNQ,0.3645153297604292,Churn
8808-ELEHO,0.7112188635578478,Churn
4950-HKQTE,0.09534556464790125,Stay
6933-FHBZC,0.13123315772847935,Stay
3165-HDOEW,0.4566666174891374,Churn
9097-ZUBYC,0.1788697565889744,Stay
1482-OXZSY,0.4213927367438915,Churn
8946-BFWSG,0.004233299092707436,Stay
4256-ZWTZI,0.48359356233083217,Churn
4393-OBCRR,0.25933748926213357,Stay
0074-HDKDG,0.10307357096305914,Stay
0468-YRPXN,0.4129258189335212,Churn
7010-ZMVBF,0.19254999814282608,Stay
5835-BEQEU,0.658642073947511,Churn
9755-JHNMN,0.0301437159000747,Stay
8084-OIVBS,0.1637794117410124,Stay
4039-HEUNW,0.4840618197597001,Churn
3446-QDSZF,0.3657877010612576,Churn
9873-MNDKV,0.3931231366869631,Churn
6341-JVQGF,0.13105309828294043,Stay
8859-YSTWS,0.009981586644094823,Stay
1777-JYQPJ,0.2931575341855917,Stay
2688-BHGOG,0.7063353118207221,Churn
7032-LMBHI,0.05080264430440074,Stay
6005-OBZPH,0.6393628737502228,Churn
8311-UEUAB,0.032626670791729415,Stay
4959-JOSRX,0.5269639237978103,Churn
4927-WWOOZ,0.6591341929223016,Churn
5334-JLAXU,0.2294207681668372,Stay
6322-PJJDJ,0.15825036772109952,Stay
2682-KEVRP,0.2049209202448197,Stay
6905-NIQIN,0.31922517628010505,Churn
6685-XSHHU,0.007978508360781105,Stay
6993-YCOBK,0.15297827995650504,Stay
3887-PBQAO,0.034468752808014515,Stay
4697-LUPSU,0.20813677701269784,Stay
9465-RWMXL,0.33612192485434805,Churn
3981-QSVQI,0.37408582792176587,Churn
4451-RWASJ,0.14926247068120777,Stay
2256-YLYLP,0.017831685931708738,Stay
9701-CDXHR,0.1379512814972994,Stay
6664-FPDAC,0.3404621037418247,Churn
5351-QESIO,0.3086745540569446,Churn
3258-SANFR,0.37518773661197813,Churn
2968-SSGAA,0.6821125652724551,Churn
1421-HCERK,0.5577605995832404,Churn
7534-BFESC,0.5432313368192492,Churn
1357-MVDOZ,0.32415308843958046,Churn
9548-LERKT,0.05514408780757283,Stay
5244-IRFIH,0.5163315288082162,Churn
7982-VCELR,0.45699493094312676,Churn
5727-MYATE,0.02436253593569439,Stay
7401-RUBNK,0.43990906547552794,Churn
3999-QGRJH,0.7112250008810624,Churn
1853-UDXBW,0.6729284469440274,Churn
7434-SHXLS,0.4460229631805128,Churn
5934-RMPOV,0.5494648719383681,Churn
1488-SYSFC,0.1072823917633761,Stay
8065-YKXKD,0.6691999192480457,Churn
5442-PPTJY,0.12158633104986119,Stay
4236-UJPWO,0.37157385839103396,Churn
5245-VDBUR,0.011903841766200423,Stay
9796-MVYXX,0.19718150887037286,Stay
9507-HSMMZ,0.007031904987168482,Stay
5566-SOEZD,0.24500241558788846,Stay
1498-NHTLT,0.03822855806869891,Stay
9214-EKVXR,0.5422905533437651,Churn
1895-QTKDO,0.40549064771320614,Churn
6519-CFDBX,0.52765852259245,Churn
0354-WYROK,0.5988991845362772,Churn
1837-YQUCE,0.013837091704745678,Stay
4750-UKWJK,0.048572846905094176,Stay
7766-CLTIC,0.41949054466978114,Churn
9675-ICXCT,0.018173313365552432,Stay
2996-XAUVF,0.005504206573774291,Stay
0906-QVPMS,0.08056377189897919,Stay
7521-YXVZY,0.32870541820805643,Churn
7134-MJPDY,0.2339778243801708,Stay
6075-QMNRR,0.057013049750287606,Stay
0308-GIQJT,0.09187309113923349,Stay
4290-BSXUX,0.6519576971387746,Churn
4851-BQDNX,0.16517377647517906,Stay
7148-XZPHA,0.09169841668176174,Stay
8042-JVNFH,0.6740327478364722,Churn
8237-ULIXL,0.0033419162244355547,Stay
9092-GDZKO,0.18598826742961955,Stay
6734-CKRSM,0.41067896259715586,Churn
5919-VCZYM,0.34518765157371567,Churn
4026-SKKHW,0.42062102220683073,Churn
3398-FSHON,0.7598524408375337,Churn
7459-IMVYU,0.06905997053670292,Stay
5921-NGYRH,0.10068077089542367,Stay
8679-LZBMD,0.16342728316410618,Stay
9229-RQABD,0.08063328985315807,Stay
9514-JDSKI,0.4180018255487174,Churn
7838-LAZFO,0.031190092770022364,Stay
6715-OFDBP,0.39540860482575335,Churn
7895-VONWT,0.21182155789213059,Stay
6328-ZPBGN,0.7684206986947258,Churn
4631-OACRM,0.6454341127029359,Churn
8573-JGCZW,0.13602302037895747,Stay
5402-HTOTQ,0.17295193393234043,Stay
4962-CHQPW,0.03614603160467611,Stay
0851-DFJKB,0.23451119977781457,Stay
5478-JJVZK,0.17941967760294025,Stay
7470-DYNOE,0.02783573314122524,Stay
4139-JPIAM,0.033616449809331136,Stay
9396-ZSFLL,0.2278162822562279,Stay
8630-QSGXK,0.04413907099511136,Stay
2400-XIWIO,0.02074927788729034,Stay
9650-VBUOG,0.023470612259551916,Stay
3810-PJUHR,0.002576157758829463,Stay
5956-YHHRX,0.6397725918587992,Churn
8622-ZLFKO,0.699554249008292,Churn
9531-NSBMR,0.053126007403914925,Stay
9903-LYSAB,0.4854672310735583,Churn
2812-SFXMJ,0.361206116599177,Churn
8778-LMWTJ,0.6666538786594945,Churn
2673-CXQEU,0.20585854226010428,Stay
6036-TTFYU,0.21505327387096992,Stay
2096-XOTMO,0.21185677077075002,Stay
7905-NJMXS,0.35849773508177163,Churn
6141-OOXUQ,0.36086287022294744,Churn
1093-YSWCA,0.1285560327630678,Stay
4732-RRJZC,0.26978117067046853,Stay
4942-VZZOM,0.019136710263895372,Stay
0750-EBAIU,0.07461965562396423,Stay
4902-OHLSK,0.5090408505688043,Churn
6885-PKOAM,0.019654782664625576,Stay
7941-RCJOW,0.005187697824404452,Stay
9158-VCTQB,0.4558388649471574,Churn
9866-QEVEE,0.4901099459491466,Churn
3946-JEWRQ,0.1704760966793883,Stay
4628-CTTLA,0.020958407040225602,Stay
4912-PIGUY,0.7458475933858808,Churn
8465-SBRXP,0.2158899516352787,Stay
3913-FCUUW,0.02004395511379194,Stay
9170-ARBTB,0.010277045779853592,Stay
1400-MMYXY,0.7537123557648501,Churn
4727-MCYZG,0.323199267946691,Churn
0376-YMCJC,0.44938322853875384,Churn
9057-SIHCH,0.7315486382647658,Churn
2038-LLMLM,0.37523765381539875,Churn
1930-QPBVZ,0.05388956166701978,Stay
6048-UWKAL,0.13024773962573633,Stay
1184-PJVDB,0.5863860606691245,Churn
6650-BWFRT,0.19141434096404192,Stay
7721-DVEKZ,0.4448743623913804,Churn
8191-XWSZG,0.010362814356575266,Stay
5619-PTMIK,0.052266902126774394,Stay
8158-WPEZG,0.2819642547670934,Stay
9974-JFBHQ,0.1694688947502787,Stay
0870-VEMYL,0.3383664685089815,Churn
7399-QHBJS,0.00999229283750012,Stay
3654-ARMGP,0.030202878105282764,Stay
1468-DEFNC,0.011106900523282155,Stay
6818-WOBHJ,0.26879929830875476,Stay
5546-QUERU,0.17234389773539802,Stay
7717-BICXI,0.0044637939103898,Stay
4836-WNFNO,0.003308039781339792,Stay
5820-PTRYM,0.06323448888337509,Stay
1963-SVUCV,0.3256699225383346,Churn
4817-VYYWS,0.5137448953486004,Churn
4939-KYYPY,0.10509646252064131,Stay
9135-MGVPY,0.023832202184080106,Stay
2282-YGNOR,0.06648534642309922,Stay
8292-TYSPY,0.22709461620933022,Stay
7548-SEPYI,0.7098314597496809,Churn
8992-JQYUN,0.42427905240940883,Churn
6270-OMFIW,0.10065524430465807,Stay
6427-FEFIG,0.10867902933182237,Stay
8938-UMKPI,0.4171005901616089,Churn
0617-AQNWT,0.00798201333526286,Stay
0191-ZHSKZ,0.2440549161212515,Stay
6513-EECDB,0.7771771179000091,Churn
9734-YWGEX,0.5548312317553875,Churn
3269-ATYWD,0.4732893265816597,Churn
8089-UZWLX,0.13950685921819073,Stay
1494-EJZDW,0.18514148330503755,Stay
4706-DGAHW,0.4468066546732462,Churn
5669-SRAIP,0.32292353535463136,Churn
1902-XBTFB,0.4630532617312784,Churn
7321-PKUYW,0.5279577982877331,Churn
1394-SUIUH,0.4289163175434672,Churn
0531-ZZJWQ,0.22563435651504202,Stay
7067-KSAZT,0.2511166023116274,Stay
5172-RKOCB,0.1112776435090004,Stay
9847-HNVGP,0.0817255019696105,Stay
2180-DXNEG,0.6428568994315904,Churn
5133-POWUA,0.456620469578706,Churn
5995-SNNEW,0.5919160054022697,Churn
7225-IILWY,0.002989616781528353,Stay
6817-WTYHE,0.3145607579563176,Churn
0239-OXEXL,0.20030689519227446,Stay
4395-PZMSN,0.7358443472857665,Churn
7845-URHJN,0.327161874222019,Churn
4724-WXVWF,0.25448445884810306,Stay
3026-ATZYV,0.05491377534560291,Stay
6581-NQCBA,0.3079783609044382,Churn
5515-RUGKN,0.36015598338952437,Churn
5628-RKIFK,0.3711435116575265,Churn
2812-ENYMO,0.048061812438854344,Stay
9027-YFHQJ,0.3955453253617897,Churn
9225-BZLNZ,0.02172409452238884,Stay
3166-PNEOF,0.028050360060991476,Stay
8096-LOIST,0.31021830305636383,Churn
5606-AMZBO,0.6569868629216714,Churn
1442-OKRJE,0.11170301330404439,Stay
6689-TCZHQ,0.6977100157808785,Churn
7167-PCEYD,0.004617293016314112,Stay
3780-DDGSE,0.22620469302233365,Stay
2664-XJZNO,0.0962102457597373,Stay
8766-PAFNE,0.018136146813137348,Stay
5813-UECBU,0.4617548767861652,Churn
7252-NTGSS,0.40656717041932133,Churn
6015-VVHHE,0.8075332800814764,Churn
7103-ZGVNT,0.01232374674366429,Stay
1676-MQAOA,0.014870229676549523,Stay
9411-TPQQV,0.05718674032035338,Stay
4529-CKBCL,0.7331216772598803,Churn
1697-BCSHV,0.06872803604070668,Stay
4662-EKDPQ,0.31665879566911176,Churn
1855-CFULU,0.5214767942955888,Churn
3914-FDRHP,0.45212797105398167,Churn
5003-OKNNK,0.13079443744397848,Stay
3908-BLSYF,0.5656104260387876,Churn
2786-GCDPI,0.49433885640624114,Churn
7295-JOMMD,0.7062188211838604,Churn
9603-OAIHC,0.7749143937233615,Churn
2834-JKOOW,0.10995654954131705,Stay
8780-IXSTS,0.7000098391491125,Churn
4530-NDRKU,0.034643902800853575,Stay
1866-RZZQS,0.47342813412222823,Churn
3097-NQYSN,0.7687717233351599,Churn
0556-FJEGU,0.014931041210083701,Stay
7396-VJUZB,0.2852689563859956,Stay
1265-ZFOSD,0.03646465669842169,Stay
8548-AWOFC,0.01753611962828276,Stay
8663-UPDGF,0.25228753051860137,Stay
0940-OUQEC,0.5791144118186708,Churn
4716-MRVEN,0.05204058397307531,Stay
7989-AWGEH,0.034660232365569796,Stay
9728-FTTVZ,0.7443501181809906,Churn
1623-NLDOT,0.02064164773537419,Stay
9845-PEEKO,0.16601918771098387,Stay
8455-HIRAQ,0.3115164756095907,Churn
5919-TMRGD,0.7421279631346096,Churn
5318-YKDPV,0.06459885964502673,Stay
4475-NVTLU,0.012848483939144104,Stay
1112-CUNAO,0.6245434417614095,Churn
3266-FTKHB,0.08760569610438773,Stay
4208-UFFGW,0.43135109815342604,Churn
1766-GKNMI,0.40459362262946746,Churn
0206-TBWLC,0.22627170996233326,Stay
1098-TDVUQ,0.5815475611123572,Churn
3524-WQDSG,0.39674411706490004,Churn
6855-VLGOS,0.0018891111191190345,Stay
7609-NRNCA,0.11063440384414523,Stay
6686-YPGHK,0.23064221888539463,Stay
1360-JYXKQ,0.27765791307267335,Stay
6198-ZFIOJ,0.5918719531628671,Churn
6108-OQZDQ,0.7151284787817893,Churn
4521-YEEHE,0.5940662383942813,Churn
8972-HJWNV,0.7976832330332296,Churn
4115-BNPJY,0.05894580833540748,Stay
4013-GUXND,0.36185008551961856,Churn
2257-BOVXD,0.3069069870661122,Churn
9881-VCZEP,0.15306562042825553,Stay
0485-ZBSLN,0.0038467846079747684,Stay
4770-UEZOX,0.6552084412522815,Churn
3209-ZPKFI,0.035986507904515526,Stay
7168-HDQHG,0.06127799099175519,Stay
6308-CQRBU,0.09305835398532585,Stay
8878-HMWBV,0.4216810453910018,Churn
0082-LDZUE,0.45523638203392264,Churn
9142-KZXOP,0.12517572814762476,Stay
7905-TVXTA,0.477523338578006,Churn
1016-DJTSV,0.7123889428835052,Churn
1866-DIOQZ,0.008495291664809385,Stay
0259-GBZSH,0.6670245781678591,Churn
5977-CKHON,0.38404911042280426,Churn
2270-CHBFN,0.34670252243588173,Churn
9878-TNQGW,0.6625332268881826,Churn
0953-LGOVU,0.17297292138679687,Stay
6994-FGRHH,0.10181416297466149,Stay
3658-KIBGF,0.5277993783586753,Churn
2674-MLXMN,0.2951287518078711,Stay
0218-QNVAS,0.05213754906412469,Stay
9392-XBGTD,0.045906027017458606,Stay
9638-JIQYA,0.42047831274733116,Churn
0895-LNKRC,0.16455203539801708,Stay
0013-SMEOE,0.23772184723916823,Stay
1571-SAVHK,0.5704771358610414,Churn
7180-PISOG,0.6766019349345034,Churn
9360-AHGNL,0.4087082297959943,Churn
1154-HYWWO,0.03669176841880047,Stay
8544-GOQSH,0.6100348803432835,Churn
5089-IFSDP,0.19585507789217854,Stay
6928-ONTRW,0.002606229221790962,Stay
8887-IPQNC,0.45332650936344676,Churn
0947-IDHRQ,0.6871096508689585,Churn
7566-DSRLQ,0.15907785367612204,Stay
7188-CBBBA,0.12096431356534854,Stay
8580-AECUZ,0.7721577789155051,Churn
0585-EGDDA,0.26263189615955457,Stay
5296-PSYVW,0.003153383765954868,Stay
0135-NMXAP,0.6484666569903674,Churn
6710-HSJRD,0.2904133597153591,Stay
1729-VLAZJ,0.14316067416632444,Stay
7812-FZHPE,0.21151389128155368,Stay
5876-HZVZM,0.33295373997213984,Churn
5131-PONJI,0.24074965307259866,Stay
5726-CVNYA,0.3091153846731939,Churn
5863-OOKCL,0.292420191388784,Stay
2982-IHMFT,0.832417360075562,Churn
0595-ITUDF,0.1592945942506823,Stay
3957-LXOLK,0.6858909967879534,Churn
7668-XCFYV,0.730608165667246,Churn
7593-JNWRU,0.3821627389450101,Churn
1396-QWFBJ,0.5314333143502729,Churn
3132-TVFDZ,0.04338958052939066,Stay
1839-FBNFR,0.048552078129314884,Stay
8705-WZCYL,0.4556976687842259,Churn
6963-EZQEE,0.044611549594561366,Stay
1904-WAJAA,0.09644625849997703,Stay
3727-JEZTU,0.4455634529904018,Churn
1187-WILMM,0.03404949981638001,Stay
1229-RCALF,0.1978189980246796,Stay
1270-XKUCC,0.051117725893409474,Stay
9236-NDUCW,0.08217767476332062,Stay
4465-VDKIQ,0.42097871333033765,Churn
8008-HAWED,0.2608391176922486,Stay
7450-NWRTR,0.6960734421760746,Churn
6732-VAILE,0.02377669151281809,Stay
5575-GNVDE,0.03636524120831668,Stay
9752-ZNQUT,0.5342657032678247,Churn
3454-JFUBC,0.007400116483680735,Stay
6407-UTSLV,0.8169440379693532,Churn
6656-JWRQX,0.38180724193865423,Churn
4999-IEZLT,0.002844570503665102,Stay
0907-HQNTS,0.26226140127311126,Stay
7590-VHVEG,0.5168765108996167,Churn
1060-ENTOF,0.21753040476864596,Stay
3457-PQBYH,0.0072667847503319885,Stay
5619-XZZKR,0.1849953887731639,Stay
5555-RNPGT,0.2340007542893484,Stay
0780-XNZFN,0.005475326565342057,Stay
3374-LXDEV,0.4916794824120087,Churn
5133-VRSAB,0.21182505046659905,Stay
9388-ZEYVT,0.016694679774971913,Stay
9909-DFRJA,0.35017858554163517,Churn
8577-QSOCG,0.04998310461251072,Stay
2137-DQMEV,0.003695039081354493,Stay
4274-DRSQT,0.10823536202551813,Stay
2758-RNWXS,0.21394536123415753,Stay
5671-UUNXD,0.3328590764376997,Churn
0247-SLUJI,0.36090576825531406,Churn
9919-FZDED,0.034077488116720886,Stay
5840-NVDCG,0.1373789230435085,Stay
4521-WFJAI,0.012111979315018218,Stay
9860-LISIZ,0.07058526765803534,Stay
7734-DBOAI,0.37853742028789367,Churn
0057-QBUQH,0.03993202115086609,Stay
6298-QDFNH,0.44766840087921617,Churn
1757-TCATG,0.024900604596262286,Stay
6838-YAUVY,0.1754673274859445,Stay
2369-FEVNO,0.49533237028111676,Churn
1169-WCVAK,0.48422377490876733,Churn
8559-CIZFV,0.08445066935355668,Stay
9068-VPWQQ,0.016414426670206147,Stay
6543-XRMYR,0.6365028943490801,Churn
8722-PRFDV,0.015604204231193103,Stay
6233-HXJMX,0.3607271207605636,Churn
9668-PUGNU,0.0043092439325256365,Stay
7074-IEVOJ,0.8129976349968211,Churn
3506-OVLKD,0.027942695838841482,Stay
3992-YWPKO,0.6970909244395944,Churn
3128-YOVTD,0.23644458913927274,Stay
7389-KBFIT,0.5010055961395494,Churn
4622-YNKIJ,0.23447326653354192,Stay
3778-FOAQW,0.07142718610751314,Stay
3146-JTQHR,0.12879101239587368,Stay
3945-GFWQL,0.3748614963754455,Churn
3987-KQDDU,0.4430553654076029,Churn
6243-OZGFH,0.22200371692889928,Stay
7817-BOQPW,0.7416180961589457,Churn
8388-FYNPZ,0.2814107730879062,Stay
4703-MQYKT,0.06642710695488166,Stay
3284-SVCRO,0.020469171665091324,Stay
8847-GEOOQ,0.03013773671811795,Stay
9581-GVBXT,0.004835073793281537,Stay
8350-NYMVI,0.05327462684321003,Stay
6352-TWCAU,0.4320192231696716,Churn
8044-BGWPI,0.3167994797140208,Churn
5834-ASPWA,0.677374691565767,Churn
5884-GCYMI,0.5417049188875718,Churn
7909-FIOIY,0.23814132623759218,Stay
7055-JCGNI,0.16207074743411515,Stay
1658-XUHBX,0.34428409662817366,Churn
5590-BYNII,0.48325773743142797,Churn
6518-PPLMZ,0.01289528663937803,Stay
9824-BEMCV,0.483833471823074,Churn
1813-JYWTO,0.03972948624128611,Stay
4350-ZTLPI,0.21850446003123022,Stay
9507-EXLTT,0.7421279631346096,Churn
5766-XQXMQ,0.2141856694840391,Stay
0106-UGRDO,0.20327082581477823,Stay
4257-GAESD,0.31826385096325793,Churn
6683-VLCTZ,0.6184358956087036,Churn
0970-ETWGE,0.6671629505327186,Churn
8679-JOEVF,0.3394258422082904,Churn
4883-QICIH,0.32998773707890033,Churn
7156-MXBJE,0.053504333123156146,Stay
7216-EWTRS,0.825299433374107,Churn
3370-HXOPH,0.6145535631702657,Churn
8963-JLGJT,0.28888258209219614,Stay
1602-IJQQE,0.60379055337886,Churn
3791-LGQCY,0.4373233192970737,Churn
4255-DDUOU,0.5826786475986322,Churn
3487-EARAT,0.012696112575175004,Stay
2903-YYTBW,0.3250575441190895,Churn
5688-KZTSN,0.2643898797466682,Stay
4282-YMKNA,0.6773038571554666,Churn
8942-DBMHZ,0.2063965257992642,Stay
8097-OMULG,0.01586258859796628,Stay
5701-ZIKJE,0.28682554214951816,Stay
3144-KMTWZ,0.1313101111451974,Stay
4808-YNLEU,0.09239852338978866,Stay
2232-DMLXU,0.4036712489778496,Churn
1934-SJVJK,0.3612919503608761,Churn
8197-BFWVU,0.039387899808627024,Stay
5126-RCXYW,0.009349175893720715,Stay
5996-DAOQL,0.4958438032588397,Churn
0030-FNXPP,0.4098289698836653,Churn
4510-PYUSH,0.21089979179770493,Stay
6322-HRPFA,0.034664651075272,Stay
2057-ZBLPD,0.5698457250838301,Churn
8329-GWVPJ,0.22425169646196697,Stay
3845-FXCYS,0.47627361938271096,Churn
9497-QCMMS,0.7729222920188568,Churn
1080-BWSYE,0.0070606905447106435,Stay
5519-NPHVG,0.6510769033341129,Churn
5063-IUOKK,0.11358147292812174,Stay
8450-LUGUK,0.05751139003268835,Stay
7613-LLQFO,0.5738703331653486,Churn
3158-MOERK,0.736142481357712,Churn
0979-PHULV,0.17541411721231082,Stay
5680-LQOGP,0.0323365755494619,Stay
8620-RJPZN,0.4458391479889371,Churn
4390-KYULV,0.4592260826938394,Churn
1608-GMEWB,0.4039492992258949,Churn
3635-JBPSG,0.1910478396186403,Stay
5542-NKVRU,0.03842624628235915,Stay
7037-MTYVW,0.08503873215173305,Stay
9992-UJOEL,0.4335498741308785,Churn
2987-BJXIK,0.01998066870079038,Stay
0516-QREYC,0.30923227400173087,Churn
7693-LCKZL,0.6296252919547465,Churn
6486-LHTMA,0.43648373652148587,Churn
3419-SNJJD,0.25985594891290076,Stay
3967-VQOGC,0.007906829707522364,Stay
5348-CAGXB,0.5614246499744572,Churn
6625-UTXEW,0.38298790305868136,Churn
2667-WYLWJ,0.2956063705138375,Stay
9819-FBNSV,0.38175870723364574,Churn
0519-XUZJU,0.6277200946725321,Churn
9821-BESNZ,0.10898001111791396,Stay
4986-MXSFP,0.5648733701780216,Churn
0191-EQUUH,0.06287797473028783,Stay
4660-IRIBM,0.4833893888283559,Churn
8095-WANWK,0.2841375588218031,Stay
9501-UKKNL,0.026805653662003152,Stay
9688-YGXVR,0.3434328990854444,Churn
1612-EOHDH,0.40656717041932133,Churn
5730-RIITO,0.10382210039963495,Stay
0208-BPQEJ,0.26365737316803745,Stay
1241-FPMOF,0.0077782297634071094,Stay
1984-FCOWB,0.1516361055729895,Stay
7041-TXQJH,0.10217710956234594,Stay
4853-RULSV,0.10172508615272306,Stay
7253-UVNDW,0.027316244713167598,Stay
3536-IQCTX,0.3551552635026618,Churn
9943-VSZUV,0.1517645910339235,Stay
9089-UOWJG,0.3911461030541382,Churn
2452-KDRRH,0.2801232845791427,Stay
7598-UAASY,0.5246451814915118,Churn
5130-YPIRV,0.029512732683090927,Stay
8429-XIBUM,0.5099910661622964,Churn
5702-SKUOB,0.39432188481384417,Churn
3716-BDVDB,0.672191179344485,Churn
8665-UTDHZ,0.302925620151864,Churn
7841-FCRQD,0.08950948442235568,Stay
4903-UYAVB,0.3003495032517975,Churn
5129-HHMZC,0.054829239558599384,Stay
6458-CYIDZ,0.6880452298958099,Churn
9073-ZZIAY,0.01784535824636082,Stay
3404-JNXAX,0.2551799999210575,Stay
6121-VZNQB,0.5814117728487596,Churn
3672-YITQD,0.4498630982293152,Churn
6505-OZNPG,0.2781609548607345,Stay
0289-IVARM,0.09040107267194351,Stay
0164-XAIRP,0.1250320672885125,Stay
7284-BUYEC,0.4522081027797253,Churn
2516-XSJKX,0.05101394347776569,Stay
8138-EALND,0.1729343523861979,Stay
6288-LBEAR,0.5085797939586288,Churn
3858-VOBET,0.4340788933591291,Churn
8316-BBQAY,0.010480339780606822,Stay
8040-MNRTF,0.6280242891205003,Churn
8731-WBBMB,0.17288395756762245,Stay
3627-FCRDW,0.5401913137251304,Churn
7139-JZFVG,0.010983335555505616,Stay
8167-GJLRN,0.27490721768431553,Stay
7890-VYYWG,0.5304336131785035,Churn
9386-LDCZR,0.15520612553458787,Stay
4950-BDEUX,0.055794909798564496,Stay
3902-MIVLE,0.013674515625732728,Stay
1139-WUOAH,0.009793296847606207,Stay
5986-WWXDV,0.018380291693302873,Stay
4815-GBTCD,0.4731024067305343,Churn
3549-ZTMNH,0.19683914744650957,Stay
4884-LEVMQ,0.03375602002843228,Stay
5419-CONWX,0.8052201457870599,Churn
8612-GXIDD,0.20082835006482258,Stay
4412-YLTKF,0.6077607162992869,Churn
0559-CKHUS,0.08904074412020474,Stay
2004-OCQXK,0.743974496188318,Churn
5707-ZMDJP,0.03275611029141564,Stay
6904-JLBGY,0.27494778381692286,Stay
3678-MNGZX,0.0025368481985028773,Stay
9838-BFCQT,0.0023437212318613418,Stay
1951-IEYXM,0.02484908766000252,Stay
0895-DQHEW,0.233873942074502,Stay
3439-GVUSX,0.3088333337844369,Churn
6253-GNHWH,0.01298824320086393,Stay
2346-DJQTB,0.05561955528975296,Stay
5968-HYJRZ,0.01256120505502472,Stay
3645-DEYGF,0.3618071387875575,Churn
1346-UFHAX,0.6314198282320762,Churn
3500-NSDOA,0.010328139529840175,Stay
3733-UOCWF,0.12954122448246055,Stay
4304-TSPVK,0.11908103689232692,Stay
0128-MKWSG,0.11668500616683637,Stay
2361-FJWNO,0.016795919408390356,Stay
3785-NRHYR,0.36086287022294744,Churn
6419-ZTTLE,0.1477506566999417,Stay
2831-EBWRN,0.41499602568840915,Churn
4439-YRNVD,0.25390041159732907,Stay
1150-FTQGN,0.09134851148192395,Stay
0567-XRHCU,0.008778897849974326,Stay
8659-HDIYE,0.0585757899200963,Stay
1561-BWHIN,0.07140780876025732,Stay
1657-DYMBM,0.0074767471540186205,Stay
3398-GCPMU,0.057053155306492374,Stay
6849-OYAMU,0.22818857521972066,Stay
5906-BFOZT,0.4949604250985913,Churn
1237-WIYYZ,0.2954252042888014,Stay
4385-GZQXV,0.7283719723480689,Churn
2592-YKDIF,0.4455175070758482,Churn
2974-GGUXS,0.5639515992893313,Churn
2188-SXWVT,0.05043738119975706,Stay
7989-CHGTL,0.49505341088736216,Churn
2988-QRAJY,0.11489085303750204,Stay
9399-APLBT,0.7388039119620384,Churn
9637-CDTKZ,0.1181070955996792,Stay
7055-HNEOJ,0.4132513725146327,Churn
2378-HTWFW,0.34881081779286355,Churn
0164-APGRB,0.18790806537153548,Stay
5499-ECUTN,0.051643059911772704,Stay
9618-LFJRU,0.3937841465678845,Churn
4139-SUGLD,0.057549543616603756,Stay
3070-FNFZQ,0.08241351914542225,Stay
2777-PHDEI,0.6225069104206437,Churn
2842-BCQGE,0.23243407708663663,Stay
6901-GOGZG,0.033647664646213174,Stay
2984-RGEYA,0.0033127834527409573,Stay
2530-ENDWQ,0.10360449888787401,Stay
8671-KKKOS,0.03882672515611637,Stay
8148-NLEGT,0.024496566816782434,Stay
1897-OKVMW,0.0488883903892504,Stay
4816-OKWNX,0.1641126892437775,Stay
4182-BGSIQ,0.42245813286133155,Churn
6376-GAHQE,0.50284743117346,Churn
8260-NGFNY,0.38879387629018547,Churn
8229-TNIQA,0.5008991616874876,Churn
2236-HILPA,0.0038252614248652076,Stay
0248-PGHBZ,0.16343900351195573,Stay
0804-XBFBV,0.24585022112021201,Stay
0369-ZGOVK,0.2904066755364003,Stay
7901-HXJVA,0.39781301684318643,Churn
2235-ZGKPT,0.3751325548656284,Churn
3913-RDSJZ,0.005922354025015587,Stay
9643-AVVWI,0.7159924958178625,Churn
8149-AIQCG,0.2531296450809322,Stay
8922-NPKBJ,0.01605087865556622,Stay
4576-CSAJH,0.11005479757352254,Stay
1121-QSIVB,0.08181667855866104,Stay
3712-PKXZA,0.00684839322683616,Stay
4707-YNOQA,0.07004613023082351,Stay
4361-FEBGN,0.01052363281053985,Stay
0318-QUUOB,0.6706891244336391,Churn
6576-FBXOJ,0.07865876744853807,Stay
2479-BRAMR,0.36892847949905483,Churn
3752-CQSJI,0.3715004552232811,Churn
6345-FZOQH,0.002324252212998448,Stay
7270-BDIOA,0.5621443732072542,Churn
8593-WHYHV,0.6574996316118515,Churn
5372-FBKBN,0.16382366590635752,Stay
4030-VPZBD,0.5009776543078439,Churn
6772-KSATR,0.6716332448886008,Churn
0068-FIGTF,0.08701437051565507,Stay
6080-LNESI,0.009450990485442979,Stay
1705-GUHPV,0.006105907076836911,Stay
4227-OJHAL,0.026028295515932966,Stay
0835-JKADZ,0.16971850034843422,Stay
3785-KTYSH,0.008216934022439837,Stay
9114-AAFQH,0.0493644699744384,Stay
7605-SNLQG,0.08418804349599493,Stay
3062-ICYZQ,0.2833602232107995,Stay
7445-WMRBW,0.060056997294977106,Stay
9530-GRMJG,0.024166600998601444,Stay
1205-WNWPJ,0.45312342695844465,Churn
8413-VONUO,0.5174161699811277,Churn
6434-TTGJP,0.11106952021236527,Stay
6728-DKUCO,0.11638402817755204,Stay
2516-VQRRV,0.8270641228680671,Churn
7315-WYOAW,0.435089501600412,Churn
7501-VTYLJ,0.38727873163272564,Churn
2749-CTKAJ,0.058912340401917326,Stay
5248-YGIJN,0.024006283952454383,Stay
2178-PMGCJ,0.4242173855489787,Churn
9314-IJWSQ,0.6354323754786553,Churn
4338-EYCER,0.13550106371809478,Stay
7109-MFBYV,0.10095818783619609,Stay
3318-NMQXL,0.6514619086336149,Churn
0186-CAERR,0.13239396796430936,Stay
4860-IJUDE,0.5333070942727833,Churn
3308-JSGML,0.03392297874630752,Stay
9530-EHPOH,0.21549625411866533,Stay
6305-YLBMM,0.09939459994282417,Stay
3230-WYKIR,0.15861527342044385,Stay
9945-PSVIP,0.11203337237613269,Stay
7721-JXEAW,0.021068699729334246,Stay
3727-RJMEO,0.6210764923356925,Churn
2230-XTUWL,0.014169733007133953,Stay
5084-OOVCJ,0.31618984830867747,Churn
8270-RKSAP,0.5807843779715078,Churn
8584-KMVXD,0.5356165327028968,Churn
5842-POCOP,0.6991249474642541,Churn
2805-AUFQN,0.07074521062369417,Stay
7312-XSBAT,0.31849806672300796,Churn
4983-CCWMC,0.6510037018189505,Churn
0804-YGEQV,0.036217851721938706,Stay
1709-EJDOX,0.01582994080961132,Stay
2277-DJJDL,0.3153998906981689,Churn
9470-XCCEM,0.3542988239356317,Churn
3224-DFQNQ,0.05963743253385053,Stay
7517-LDMPS,0.640839904014629,Churn
8668-KNZTI,0.01317118432149948,Stay
8207-DMRVL,0.0789150279167366,Stay
6275-YDUVO,0.7302789163870577,Churn
0550-DCXLH,0.20014978606437175,Stay
4365-MSDYN,0.3731142870525557,Churn
9863-JZAIC,0.07142718230226433,Stay
7197-VOJMM,0.016736688865930226,Stay
1084-UQCHV,0.542028119564304,Churn
9279-CJEOJ,0.7063382122507463,Churn
0112-QWPNC,0.028667106949732523,Stay
9095-HFAFX,0.7080150413942439,Churn
8873-TMKGR,0.035970176521451284,Stay
2862-PFNIK,0.43722221225684005,Churn
7996-BPXHY,0.2490243828454451,Stay
3399-BMLVW,0.017229878425978493,Stay
9128-CPXKI,0.09778842146297746,Stay
5828-DWPIL,0.23907537522027722,Stay
7969-AULMZ,0.6020481608184122,Churn
2603-HVKCG,0.4143565604586277,Churn
0909-SDHNU,0.2914610210952011,Stay
9170-CCKOU,0.36537791085586585,Churn
4080-OGPJL,0.31807079748520783,Churn
7623-TRNQN,0.44816077159994816,Churn
6629-LADHQ,0.3887079687107696,Churn
4652-ODEVH,0.014240949512272522,Stay
9862-KJTYK,0.19009251005376274,Stay
3934-HXCFZ,0.4603620062621363,Churn
4419-UJMUS,0.0954170898692152,Stay
7336-RLLRH,0.07020350287449109,Stay
3649-JPUGY,0.02319621743757477,Stay
6599-GZWCM,0.4497811688884499,Churn
1564-HJUVY,0.396256856348331,Churn
9199-PWQVC,0.0331037676862667,Stay
7606-BPHHN,0.0033246629836258543,Stay
4317-VTEOA,0.4489428603630076,Churn
3061-BCKYI,0.1829008484747531,Stay
7716-YTYHG,0.17390299336607531,Stay
3352-RICWQ,0.19668314740933088,Stay
0295-QVKPB,0.387502919262977,Churn
1764-VUUMT,0.0028319097983256834,Stay
5989-OMNJE,0.07506979729071385,Stay
3247-MHJKM,0.36133487056373365,Churn
9972-NKTFD,0.1264676875993111,Stay
2359-KLTEK,0.39107320279574515,Churn
9231-ZJYAM,0.8066635747509632,Churn
4829-ZLJTK,0.24592699485205358,Stay
1047-NNCBF,0.33368151754162567,Churn
6465-GSRCL,0.16211476341611,Stay
8286-AFUYI,0.31704649935957974,Churn
3092-IGHWF,0.04167517724438947,Stay
0541-FITGH,0.5203723465070094,Churn
2203-GHNWN,0.5182939495343157,Churn
7954-MLBUN,0.1750883651380147,Stay
2675-DHUTR,0.3261171895477413,Churn
7824-PANSQ,0.0985775561518078,Stay
8805-JNRAZ,0.3851896770891887,Churn
0390-DCFDQ,0.8303314509874605,Churn
3923-CSIHK,0.31527519992929004,Churn
9570-KYEUA,0.0696592760569277,Stay
1075-BGWOH,0.6651260471068693,Churn
6490-FGZAT,0.28289023190516405,Stay
1921-KYSAY,0.07689161532358763,Stay
6732-FZUGP,0.14067105654579537,Stay
1877-HKBQX,0.2451750764372507,Stay
9822-WMWVG,0.42591393219897306,Churn
0877-SDMBN,0.20432174979489565,Stay
7672-VFMXZ,0.02100978418060919,Stay
4926-UMJZD,0.16793898510164815,Stay
4877-TSOFF,0.04800094787748183,Stay
9391-TTOYH,0.2252637497677091,Stay
6653-CBBOM,0.7451279770693138,Churn
7551-DACSP,0.37415425080136533,Churn
0219-YTZUE,0.6389824885687388,Churn
0929-PECLO,0.29422742436183225,Stay
9506-UXUSK,0.539756856379933,Churn
7394-FKDNK,0.5517114426509702,Churn
3797-FKOGQ,0.43868608716865976,Churn
5600-PDUJF,0.3800516585775218,Churn
6507-ZJSUR,0.5970700450309275,Churn
5539-HIVAK,0.177747623235645,Stay
6848-YLDFR,0.027529630207879255,Stay
4446-BZKHU,0.21857759198776788,Stay
0447-BEMNG,0.05839598132058698,Stay
3813-DHBBB,0.009227821911665622,Stay
7742-MYPGI,0.46290793570334776,Churn
2274-XUATA,0.01671046925516906,Stay
6652-YFFJO,0.4129088631373012,Churn
5012-YSPJJ,0.07834632649122658,Stay
2931-SVLTV,0.3850998975445781,Churn
6463-MVYRY,0.036751713303824596,Stay
6435-SRWBJ,0.7016892607803403,Churn
6906-ANDWJ,0.5240051671611415,Churn
4625-XMOYM,0.0061425438675979625,Stay
8963-MQVYN,0.24027546908175135,Stay
1891-QRQSA,0.2184458961095248,Stay
3090-LETTY,0.30694634690005607,Churn
1376-HHBDV,0.18202247254389087,Stay
7771-ZONAT,0.06786383166208068,Stay
0608-JDVEC,0.009084498183000882,Stay
2925-MXLSX,0.12010851642620526,Stay
6374-AFWOX,0.023954455660762174,Stay
1125-SNVCK,0.05876453084838905,Stay
6762-NSODU,0.01719450610241074,Stay
3373-DIUUN,0.03867664926070023,Stay
4102-HLENU,0.012103006023568166,Stay
3346-BRMIS,0.38660756954128694,Churn
4302-ZYFEL,0.003864230885474971,Stay
5204-QZXPU,0.1942390366056905,Stay
9588-OZDMQ,0.5283718044176615,Churn
3714-XPXBW,0.18430292464316378,Stay
5766-ZJYBB,0.36064841337526926,Churn
0637-YLETY,0.621637373389853,Churn
1142-WACZW,0.29030322609604364,Stay
2276-YDAVZ,0.7352570760054645,Churn
4988-IQIGL,0.7783344694845322,Churn
4083-EUGRJ,0.24208909516649346,Stay
2805-EDJPQ,0.1751870301694404,Stay
9402-ROUMJ,0.1271999276986135,Stay
0431-APWVY,0.344940122704329,Churn
5944-UGLLK,0.012471612711913166,Stay
5397-TUPSH,0.0754160424079683,Stay
3551-HUAZH,0.7777241814719925,Churn
9774-NRNAU,0.30765736644912217,Churn
9505-SQFSW,0.34705511037688525,Churn
9817-APLHW,0.21362035054121403,Stay
1513-XNPPH,0.6415778438059755,Churn
3733-ZEECP,0.2071110171765683,Stay
2697-NQBPF,0.4042093556457092,Churn
3623-FQBOX,0.19034466025825678,Stay
9805-FILKB,0.018750463097503826,Stay
7228-PAQPD,0.13810200405260814,Stay
0757-WCUUZ,0.016438120177978983,Stay
4111-BNXIF,0.016753739952580112,Stay
6198-RTPMF,0.4786824105109218,Churn
0930-EHUZA,0.0925577996147135,Stay
7526-IVLYU,0.4605202916232574,Churn
3452-GWUIN,0.7135420052320841,Churn
8400-WZICQ,0.03394564524166568,Stay
4254-QPEDE,0.02176974064049697,Stay
1023-BQXZE,0.03180822964442278,Stay
5161-XEUVX,0.13748446836809858,Stay
4250-WAROZ,0.2872604478011741,Stay
4423-YLHDV,0.5929750230967834,Churn
9424-CMPOG,0.14627438102939122,Stay
0742-MOABM,0.2807103187213674,Stay
7706-DZNKK,0.3268510005962914,Churn
2729-VNVAP,0.04135079129683449,Stay
8404-GFGCZ,0.2877374340408011,Stay
4335-UPJSI,0.07700200202626123,Stay
4367-NHWMM,0.5246098777021687,Churn
8630-FJLIB,0.5600423887739056,Churn
8780-RSYYU,0.2028411688376074,Stay
6899-PPEEA,0.5801409305007263,Churn
0774-RMNUW,0.007116102319112774,Stay
1965-DDBWU,0.5309109656849693,Churn
3212-KXOCR,0.008119037541691503,Stay
0409-WTMPL,0.2157159028954333,Stay
0867-MKZVY,0.424196286461856,Churn
7814-LEEVE,0.5824977318877852,Churn
7883-ROJOC,0.18871372230908454,Stay
4825-FUREZ,0.015860681141707852,Stay
5325-UWTWJ,0.39342169414337846,Churn
3629-WEAAM,0.30709757325701476,Churn
3345-PBBFH,0.35145273141511196,Churn
3030-YDNRM,0.6008293680210692,Churn
2722-JMONI,0.6582347509272181,Churn
4690-LLKUA,0.35150044405678643,Churn
4318-RAJVY,0.26802970675665283,Stay
5371-VYLSX,0.37331541842642096,Churn
7529-ZDFXI,0.2632039286440651,Stay
0661-WCQNQ,0.11509435585372078,Stay
7103-IPXPJ,0.10177346723543437,Stay
3640-PHQXK,0.4766343924432534,Churn
9101-NTIXF,0.34555500776258424,Churn
2475-MROZF,0.3956461651804215,Churn
8414-MYSHR,0.7432594449954466,Churn
6087-YPWHO,0.006908386406002644,Stay
2495-TTHBQ,0.36092815692043834,Churn
8982-NHAVY,0.2908739384830492,Stay
3280-MRDOF,0.14963848806393842,Stay
2209-XADXF,0.38883807463258907,Churn
3569-EDBPQ,0.5108707273978016,Churn
7654-YWJUF,0.13848588558548922,Stay
2542-HYGIQ,0.4451499733451613,Churn
6094-ZIVKX,0.013556728227193277,Stay
3508-VLHCZ,0.03439751390953258,Stay
2115-BFTIW,0.27587696990905825,Stay
1925-TIBLE,0.6970218808359661,Churn
7319-ZNRTR,0.04655621845862185,Stay
0224-RLWWD,0.6515250126919677,Churn
4588-YBNIB,0.5818643523075187,Churn
2223-GDSHL,0.1390149295971515,Stay
6910-HADCM,0.6210197524116596,Churn
0921-OHLVP,0.3279436517037836,Churn
8819-WFGGJ,0.009777143403440757,Stay
3106-ULWFW,0.683375547966241,Churn
9018-PCIOK,0.038542746676230755,Stay
6211-WWLTF,0.0682930570164354,Stay
2684-EIWEO,0.4708595262371547,Churn
8450-UYIBU,0.1796052083199405,Stay
6791-YBNAK,0.12277627303648499,Stay
3254-YRILK,0.6336404331952198,Churn
4698-KVLLG,0.01926294232267566,Stay
7608-RGIRO,0.0073468424574712815,Stay
8547-NSBBO,0.363174262996784,Churn
7241-AJHFS,0.24916673381336785,Stay
7995-ZHHNZ,0.025531163693049943,Stay
4710-NKCAW,0.2671859659686883,Stay
6542-LWGXJ,0.2809320133261365,Stay
1626-ERCMM,0.6332552784952258,Churn
9208-OLGAQ,0.6923904577343793,Churn
4369-NYSCF,0.03202302782855743,Stay
2722-VOJQL,0.12843278432999705,Stay
3682-YEUWS,0.3495652498245172,Churn
5018-HEKFO,0.4346941798678635,Churn
0810-BDHAW,0.10204902615783873,Stay
3803-KMQFW,0.44570129631329447,Churn
1455-UGQVH,0.5976890234696103,Churn
7601-DHFWZ,0.016524966926650814,Stay
3719-TDVQB,0.02678299277850931,Stay
1042-HFUCW,0.12464994752846946,Stay
7786-WBJYI,0.5902346447852033,Churn
3023-GFLBR,0.31025284648667534,Churn
7711-GQBZC,0.0035174410374810435,Stay
2091-MJTFX,0.10583298652011813,Stay
4847-QNOKA,0.5431214029508356,Churn
8220-OCUFY,0.15961558328853745,Stay
2379-ENZGV,0.6180122826718307,Churn
5759-RCVCB,0.3563159393790014,Churn
0221-WMXNQ,0.6237977120374167,Churn
9600-UDOPK,0.4203638259378167,Churn
5148-ORICT,0.030129407506552377,Stay
6235-VDHOM,0.4378466215109374,Churn
2674-MIAHT,0.7177653981640093,Churn
3129-AAQOU,0.11240728386267217,Stay
0013-MHZWF,0.4271562762265178,Churn
5887-IKKYO,0.07313247042704009,Stay
9732-EQMWY,0.24605062809286066,Stay
8337-MSSXB,0.6225091936880868,Churn
0602-DDUML,0.02119792601364647,Stay
8868-WOZGU,0.4583154225515903,Churn
3197-NNYNB,0.06819094850701955,Stay
4508-OEBEY,0.08967598785357243,Stay
8397-MVTAZ,0.40505598310803803,Churn
8966-SNIZF,0.002951588523638688,Stay
6508-NJYRO,0.0937579458420245,Stay
5062-CJJKH,0.05663663699874776,Stay
7663-RGWBC,0.4550980109500466,Churn
3195-TQDZX,0.46019377172143494,Churn
5649-ANRML,0.7486218241264164,Churn
8033-ATFAS,0.13432473841185733,Stay
9770-KXGQU,0.11891311714702787,Stay
0623-IIHUG,0.34034724186844423,Churn
4598-ZADCK,0.026548286232026062,Stay
3108-PCCGG,0.0191896574015661,Stay
6769-DYBQN,0.23867742540068745,Stay
1337-BOZWO,0.07065655373797534,Stay
7925-PNRGI,0.08228946996371034,Stay
1768-HNVGJ,0.1810810091602487,Stay
2823-LKABH,0.5966573763708439,Churn
7233-IOQNP,0.038497326849298595,Stay
2731-GJRDG,0.3606272554381388,Churn
4441-NIHPT,0.7295516170525014,Churn
3882-IYOIJ,0.13395924506906362,Stay
8563-IIOXK,0.2221431732595921,Stay
1217-VASWC,0.27925189128856087,Stay
6447-EGDIV,0.04647801030220621,Stay
9361-YNQWJ,0.00908909860576999,Stay
4393-RYCRE,0.18582058352599684,Stay
1597-FZREH,0.3774318643768111,Churn
9117-SHLZX,0.4565281759925789,Churn
8441-SHIPE,0.008344619590909824,Stay
3511-BFTJW,0.0025168502649427463,Stay
1428-GTBJJ,0.5585628147831297,Churn
